Y,M,GDP,IP,CPI,PCE,CRB,PPI,EBP,WXR,GS1,GS2,UR,EPR
1973,1,460.5170186,460.5170186,460.5170186,460.5170186,460.5170186,460.5170186,0.022066018,6.5,6.09,6.279,4.9,57.1
1973,2,461.4113845,461.9572178,461.217142,461.0428437,467.6071595,462.4218411,-0.009373142,7.5,6.43,6.597,5,57.5
1973,3,462.0141955,462.0003625,462.1430665,461.7468451,469.4383399,464.752943,-0.102789084,7.38,7.09,6.8679,4.9,57.8
1973,4,462.339626,461.8543069,462.8319364,462.4886535,472.7433333,465.2127147,-0.160196022,7.63,6.8,6.7019,5,57.7
1973,5,462.5219747,462.5144171,463.2885543,462.9787381,480.5573663,467.2559172,-0.061268411,8.13,7.16,6.82,4.9,57.7
1973,6,462.3211801,462.6290866,463.9696049,463.5510042,483.8693189,469.4782345,0.044557393,8.88,7.74,7.0981,4.9,58
1973,7,461.9690418,463.0048245,463.9696049,463.9138572,496.5292524,468.1507792,-0.326373188,11.22,8.87,8.0664,4.8,57.9
1973,8,461.6640594,462.8622322,465.7633785,465.0570611,500.0047974,473.779971,-0.181771927,11.22,8.47,7.6208,4.8,57.8
1973,9,461.9596541,463.646641,466.2068344,465.455979,496.4779835,472.0814225,-0.349992411,10.82,7.5,6.8676,4.8,57.9
1973,10,462.6615258,464.450022,467.0878991,466.0184085,492.5559122,471.2212007,0.151261936,10.61,7.21,6.751,4.6,58.1
1973,11,463.0733302,464.9119509,467.7436427,466.8357075,494.9796346,471.6522366,0.07550975,10.34,7.28,6.8125,4.8,58.2
1973,12,462.6812384,464.6271725,468.6113196,467.6545005,501.9656445,473.5692268,0.023236025,9.83,7.3,6.7885,4.9,58.2
1974,1,462.1223855,463.9618375,469.6854436,468.6073907,507.3979127,476.8890304,-0.023526579,9.31,7.12,6.7347,5.1,58.2
1974,2,461.7916164,463.666207,470.7481528,469.766012,516.9498271,478.9093043,0.167358559,8.87,7.16,6.815,5.2,58.2
1974,3,461.9075584,463.6664202,471.799687,470.9192216,514.281873,480.1021633,-0.087488845,9.95,8.36,7.7276,5.1,58.2
1974,4,462.1298694,463.3743163,472.4253443,471.623524,512.7247481,480.889562,0.066267478,11,8.99,8.3138,5.1,58
1974,5,462.3754351,464.1682909,473.4594795,472.6051617,507.1216694,482.4460162,0.075473141,11.64,8.71,8.0729,5.1,58
1974,6,462.0254996,463.9819988,474.2791578,473.4471695,511.6289668,482.8313737,0.666169254,13.31,8.87,8.3018,5.4,58
1974,7,461.4968083,464.1577908,474.8895308,474.1833768,521.2841114,486.6054048,1.213343806,12.06,9,8.5251,5.5,58
1974,8,461.0800648,463.094397,476.0992297,475.2231078,515.6882461,490.0634399,0.807879986,11.6,9.73,8.7922,5.5,57.8
1974,9,461.094084,463.1085465,477.4922834,476.2558562,512.8118941,490.0634399,0.897554439,11.11,8.21,7.9713,5.9,57.7
1974,10,461.2812131,462.7964021,478.2796906,476.9717462,512.3754028,491.8365388,1.058876065,9.66,7.93,7.7712,6,57.6
1974,11,460.9756137,459.4476916,479.2553079,477.7192386,510.0296435,492.7114328,1.000901374,9.47,7.66,7.4012,6.6,57.3
1974,12,460.2423743,455.8042834,480.0290077,478.5048761,502.8837471,492.5370609,1.161032478,3.87,7.35,7.1538,7.2,56.9
1975,1,459.9170579,454.4148248,480.7967673,479.1253575,500.4986255,492.7114328,0.40141818,6.76,6.36,6.67,8.1,56.4
1975,2,459.5491471,452.107517,481.3687372,479.6664791,498.5085101,492.3623917,0.40464313,6.07,6.01,6.2788,8.1,56.1
1975,3,459.3504504,450.9924894,481.7482491,480.0041004,499.4089664,491.8365388,0.586769244,5.39,6.36,6.7571,8.6,56
1975,4,459.8236144,451.1747134,482.126318,480.3441615,498.4582462,492.8854939,0.2240177,7.03,6.88,7.412,8.8,55.9
1975,5,460.2948284,450.8933807,482.3148179,480.7400329,495.187643,493.5787387,0.339801202,5.23,6.08,6.7811,9,56
1975,6,460.8277867,451.5376651,483.0652919,481.3645239,493.8277894,493.7513051,0.236157756,5.97,6.85,7.1349,8.8,55.8
1975,7,461.4796362,452.5516403,483.995531,482.220391,499.6576609,494.9509751,0.356871252,6.23,7.38,7.5714,8.6,56
1975,8,462.031782,453.5303897,484.365214,482.6508268,503.1239586,495.4607441,0.109874704,6.13,7.56,7.6802,8.4,56.1
1975,9,462.5114843,454.8070594,485.1005129,483.145464,501.86851,496.1364234,0.281356254,6.22,7.83,7.9481,8.4,56.1
1975,10,462.8363498,455.2362799,485.6484625,483.7240733,497.6505689,496.807568,0.096663487,5.65,6.27,6.9265,8.4,56.1
1975,11,463.2007539,455.3779834,486.37442,484.3645916,494.3006035,496.3046358,0.164060858,5.29,6.68,7.1416,8.3,56
1975,12,463.9896856,456.7346608,486.9154445,484.9157234,492.9816712,496.6402071,-0.045182455,5.37,6.16,6.6944,8.2,56.1
1976,1,464.9855362,458.0603993,487.2745159,485.2973413,493.1938729,496.9746492,-0.153881716,4.84,5.65,6.4029,7.9,56.4
1976,2,465.6843557,459.0702735,487.4535654,485.4230888,495.8090847,496.9746492,-0.061880686,4.89,6.21,6.7378,7.7,56.5
1976,3,466.000616,459.2643251,487.6322949,485.5724214,497.6505689,497.1414586,-0.108237447,5.07,6.11,6.6315,7.6,56.7
1976,4,466.1469313,459.776161,487.8107055,485.799393,500.5970992,498.1364933,-0.050748594,5.1,6.14,6.582,7.7,56.8
1976,5,466.2683163,460.1789177,488.3440431,486.2787355,500.3013868,498.4659834,-0.11233801,5.67,6.75,7.2011,7.4,57
1976,6,466.4422781,460.3060663,488.8745512,486.7122135,504.3164364,499.1217177,-0.045126611,5.71,6.46,7.02,7.6,56.8
1976,7,466.6507265,460.8356704,489.4022523,487.2172371,505.2133034,499.7731868,-0.085879423,5.32,6.12,6.74,7.8,57
1976,8,466.8324535,461.5366526,489.9271908,487.7661841,501.4302332,499.4479828,-0.146906347,5.31,5.9,6.5,7.8,57
1976,9,467.0157469,461.852738,490.4493807,488.3286351,498.9097143,500.0973368,-0.195475114,5.31,5.78,6.33,7.6,56.9
1976,10,467.1015709,461.8348371,490.9688653,488.8518431,496.1183633,500.2590219,-0.116380776,5.02,5.5,6.03,7.7,56.9
1976,11,467.5344138,463.3555776,491.3136902,489.3037391,497.6505689,500.4204393,-0.369637032,4.69,4.95,5.42,7.8,57
1976,12,468.0275882,464.412067,491.8287156,489.8608833,499.9552802,501.2236545,-0.027600251,4.17,4.86,5.34,7.8,57
1977,1,468.0864655,463.7376161,492.3411022,490.440781,504.6477976,501.7025102,-0.308590168,4.65,5.56,6.18,7.5,57
1977,2,468.7182266,465.3263727,493.3580585,491.2194706,505.0722265,502.810992,-0.198822836,4.73,5.56,6.08,7.6,57.2
1977,3,469.3712422,466.5700968,493.8626809,491.7214329,508.1764831,503.7514393,-0.167584392,4.72,5.4,6.01,7.4,57.4
1977,4,469.9501112,467.5352004,494.531581,492.3001833,508.9490387,504.9917672,-0.251319643,5.12,5.6,6.14,7.2,57.6
1977,5,470.5971693,468.3164582,494.8643642,492.8062271,506.4741186,505.4529493,-0.25872566,5.47,5.86,6.18,7,57.8
1977,6,471.3879231,469.0666641,495.3614612,493.36307,502.3048743,505.1457289,-0.273013167,5.64,5.72,6.08,7.2,57.9
1977,7,472.0717366,469.1963197,495.8561063,493.8825029,500.7446281,505.2994538,-0.185558536,5.86,6.22,6.5,6.9,57.8
1977,8,472.5469521,469.2994233,496.3483098,494.3464547,499.4587548,505.1457289,-0.175826495,6.03,6.36,6.59,7,58
1977,9,472.6635642,469.7126475,496.6751116,494.721643,499.9552802,505.6062031,-0.145722986,6.46,6.66,6.82,6.8,58.1
1977,10,472.5590106,469.8586118,497.163317,495.1848025,499.9552802,506.0645729,-0.133282926,6.6,7.05,7.23,6.8,58.2
1977,11,472.4187196,470.0464457,497.8105629,495.7592259,503.6026575,506.3689877,-0.139671312,6.56,6.92,7.11,6.8,58.6
1977,12,472.307585,470.1939936,498.2932696,496.2420135,505.4010969,506.9750511,-0.325358493,6.53,6.98,7.22,6.4,58.7
1978,1,471.8190836,468.7531803,498.933273,496.8316207,508.1308523,507.877308,-0.328278482,6.79,7.26,7.47,6.4,58.8
1978,2,472.4980819,469.2927735,499.4105968,497.2941873,508.5862265,508.9197645,-0.342253936,6.83,7.32,7.57,6.3,58.8
1978,3,473.9033618,471.2005603,500.0435115,497.9406031,512.1125905,509.8047213,-0.341149186,6.97,7.48,7.7,6.3,58.8
1978,4,475.6182959,473.1600261,500.8290614,498.6959556,511.0100435,511.1176495,-0.287958931,7.25,7.7,7.97,6.1,59.2
1978,5,476.6585432,473.6499719,501.7636462,499.407262,513.8517648,511.8396785,-0.247420311,7.43,7.94,8.12,6,59.3
1978,6,477.2410852,474.2888389,502.5358507,500.057809,512.9859585,512.5565256,-0.454194525,8.01,8.38,8.48,5.9,59.5
1978,7,477.2341612,474.2018409,503.3021379,500.6049864,512.550228,513.1263286,-0.366601298,8,8.33,8.47,6.2,59.3
1978,8,477.4594595,474.6209399,503.910969,501.1085459,517.0751143,513.1263286,-0.379019883,8.4,8.48,8.46,5.9,59.4
1978,9,477.8181125,474.8637343,504.8173182,501.6760033,518.9358254,513.9749914,-0.322919832,8.9,8.81,8.7,6,59.5
1978,10,478.41258,475.6399173,505.7155328,502.4667908,523.8908941,515.0954472,-0.491537659,9.35,9.92,9.49,5.8,59.7
1978,11,478.9262297,476.4006357,506.3098893,503.0351643,521.4839916,515.5124076,-0.257847738,9.94,10.09,9.55,5.9,59.8
1978,12,479.168008,476.9154302,506.9007279,503.5011499,521.4440475,516.341143,-0.388224501,10.84,10.57,9.98,6,59.8
1979,1,478.9534195,476.3561177,507.7805038,504.2523743,525.0536979,517.8428772,-0.260530562,10.57,10.13,9.64,5.9,59.9
1979,2,478.9286365,476.8563053,508.7972129,504.7855353,529.3530025,519.3223926,-0.325984552,10.24,10.33,9.89,5.9,60.1
1979,3,479.1604537,477.158295,509.8036889,505.5633134,531.8321671,520.516832,-0.190420272,10.07,10.17,9.72,5.8,60
1979,4,478.7453588,475.9761197,510.800142,506.5992735,531.5436707,521.9575899,-0.23985939,10.43,10.29,9.91,5.8,59.8
1979,5,479.1765129,476.8493752,511.9269107,507.6300555,531.7961505,522.7347972,-0.269204116,10.31,9.91,9.56,5.6,59.8
1979,6,479.4353289,476.8505302,513.0411305,508.4508796,533.1201992,523.3778845,-0.189382917,10.54,9.4,8.97,5.7,59.9
1979,7,479.725812,476.6945524,514.1430722,509.2114815,531.8681707,524.9046342,-0.263759707,10.81,9.75,9.31,5.7,60
1979,8,479.8901964,476.0445005,515.0974056,509.9743128,533.2977876,525.4084091,-0.340835496,11.29,10.4,9.84,6,59.8
1979,9,479.9597699,476.0342087,516.0427231,510.852602,532.4424723,527.0283823,-0.154634362,12.16,10.8,10.1,5.9,60
1979,10,480.0291783,476.7259953,517.1122484,511.6631748,531.9761038,528.5008039,-0.698723594,14.82,12.89,12.06,6,59.9
1979,11,480.0435051,476.5657689,518.1704615,512.355723,533.7580468,529.1079688,-0.143627375,13.96,11.88,11.33,5.9,60
1979,12,480.2512892,476.6397397,519.347716,513.1928488,535.3003137,530.0718332,0.108349031,14.77,11.7,11.23,6,60.1
1980,1,480.6090699,477.1602169,520.7680097,514.2345955,535.4740756,532.2071441,-0.080377191,13.4,12.4,11.75,6.3,60
1980,2,480.6159288,477.2028467,522.041912,515.3134704,537.6040084,534.1828047,-0.416024375,16.33,15.45,14.73,6.3,60
1980,3,480.0347249,476.7772932,523.4247109,516.532737,532.9422948,534.8708819,0.254919089,19.85,15.8,14.63,6.3,59.7
1980,4,479.0541379,474.7847093,524.4185099,517.0539448,529.2791473,535.2131508,-0.481426612,14.64,11.12,10.81,6.9,59.4
1980,5,478.142471,472.2941399,525.4025244,517.8282429,526.5833644,535.7810148,-0.063201913,11.06,8.83,9.25,7.5,59.1
1980,6,477.789463,471.0103911,526.3769554,518.4575548,527.188739,536.232989,-0.237875543,10.44,8.49,8.97,7.6,58.9
1980,7,477.8239648,470.2866063,526.4980931,519.2307918,533.3687347,538.020749,-0.022427327,9.93,9.36,9.72,7.8,58.8
1980,8,478.1106844,470.6062032,527.2218638,520.060569,535.8898767,539.3408977,-0.074119218,10.74,11.15,11.36,7.7,58.8
1980,9,478.6896279,472.2572349,528.0596882,520.9811564,537.0244943,539.5592388,-0.080834729,13.19,12.29,12.13,7.5,58.9
1980,10,479.2728247,473.5187938,529.0086889,521.7800726,539.5896029,540.7516645,-0.141800515,13.77,13.78,13.08,7.5,58.9
1980,11,479.9663408,475.1702289,530.0656529,522.5913918,538.8202397,541.1817734,0.278650035,18.56,15.13,14.13,7.5,59
1980,12,480.9092584,475.8512711,530.995894,523.2380695,533.8992399,541.8234878,0.065458055,22,13.86,13.06,7.2,59
1981,1,481.8246574,475.2168491,531.9175613,524.1945461,531.2905517,543.3049944,0.351789241,17.25,14,13.26,7.5,59.1
1981,2,482.1851803,474.8043717,532.8308066,525.2013132,531.1093594,544.2459355,0.085818898,15.53,14.59,14.08,7.4,59.2
1981,3,481.9348217,475.3051253,533.5103147,525.8948482,531.1818758,545.178101,-0.048035094,14.63,13.05,13.17,7.4,59.4
1981,4,481.3613223,474.865311,534.0730622,526.3312431,530.6731537,546.2037484,0.49336229,18.92,15.33,14.84,7.2,59.6
1981,5,481.0240523,475.4382808,534.7442046,526.7792126,529.6846778,546.5094059,0.336124564,17.56,14.81,14.4,7.5,59.5
1981,6,481.3206916,475.9660094,535.6321098,527.1759816,527.4524423,546.7126583,0.401996037,18.64,14.87,14.66,7.5,59
1981,7,482.0895464,476.5991851,536.7310218,527.7782053,531.5436707,547.2189872,0.397024456,17.46,16.12,15.84,7.2,59.1
1981,8,482.6064048,476.4764678,537.4931403,528.4011372,528.2394053,547.2189872,0.273757301,16.83,16.97,16.73,7.4,59.1
1981,9,482.567071,475.9871885,538.4645464,529.0048322,526.2792973,547.0167623,0.378541041,16.58,16.64,16.69,7.6,58.7
1981,10,482.0888682,475.21078,538.7862597,529.4563229,523.812891,547.1179238,0.607847531,14.44,14.31,14.59,7.9,58.8
1981,11,481.3912688,474.0495955,539.2136117,529.9928218,522.7538499,547.0167623,0.224154785,12.44,11.82,12.36,8.3,58.6
1981,12,480.4816242,472.9807632,539.5329325,530.3012029,521.3241194,547.0167623,0.58491589,13.13,13.35,13.63,8.5,58.2
1982,1,479.553589,470.9067932,539.8512324,530.8935692,524.0077848,547.9235689,0.750238477,14.21,14.04,14.24,8.6,58.2
1982,2,479.8045483,472.9282836,540.1685268,531.1927428,520.8027627,548.0238218,0.501186958,13.74,14.27,14.44,8.9,58.2
1982,3,479.8819959,472.2425082,540.1685268,531.4503019,519.8736508,547.8232196,0.916457575,16.8,14.3,14.52,9,58.1
1982,4,480.0740485,471.3213769,540.4848177,531.5017342,520.3190858,547.8232196,0.825542237,15.28,13.67,13.99,9.3,57.9
1982,5,480.3219173,470.6388063,541.427723,532.0913197,519.5077224,548.0238218,0.745225904,13.38,12.93,13.62,9.4,58.2
1982,6,480.2116544,470.3927055,542.568226,532.8149821,516.9916069,548.2240224,0.722292248,14.58,14.34,14.66,9.6,57.8
1982,7,480.0195219,470.0338719,543.0823659,533.4053024,517.9891215,548.623221,0.674740552,11.41,12.56,13.17,9.8,57.7
1982,8,479.7124405,469.1443107,543.2872822,533.7159258,516.9498271,548.5235717,0.05506876,10.63,11.13,11.99,9.8,57.8
1982,9,479.7207657,468.8805295,543.2872822,533.9921583,514.9235864,548.2240224,0.484368389,12.17,10.26,11.23,10.1,57.6
1982,10,479.6790984,467.9235372,543.6958638,534.552733,513.5063413,548.4238188,0.261307748,9.41,9.21,9.85,10.4,57.4
1982,11,479.8509537,467.5990467,543.5938759,534.8515349,511.4966625,548.5235717,0.492744349,8.93,9.38,9.96,10.8,57.3
1982,12,480.0451237,466.8807019,543.2872822,535.0026694,511.8490858,548.7227753,0.651069641,11.2,8.68,9.48,10.8,57.2
1983,1,480.71495,468.7176626,543.4917795,535.4691178,515.0514364,548.4238188,0.266890437,8.56,8.91,9.58,10.4,57.2
1983,2,481.0049968,468.1190322,543.5938759,535.6378281,517.8649749,548.7227753,0.196910755,8.53,8.61,9.31,10.4,57.1
1983,3,481.7716901,468.9422636,543.6958638,535.7672477,520.4805715,548.623221,0.106449396,10.81,9.34,9.87,10.3,57.1
1983,4,482.6009074,470.1783426,544.4068857,536.221981,521.4040874,548.623221,0.027044342,8.84,8.75,9.35,10.2,57.3
1983,5,483.4180799,470.811262,544.8109275,536.5056527,520.5612167,549.0208365,-0.180561072,8.94,9.48,10.02,10.1,57.3
1983,6,484.1948951,471.4052214,545.01234,536.8778952,520.2382451,549.2190529,-0.019403506,10.06,9.7,10.23,10.1,57.8
1983,7,484.7756432,472.8823867,545.4139435,537.4387224,523.8519001,549.5156449,-0.160091484,9.52,10.48,11.03,9.4,58.1
1983,8,485.2806855,474.0719791,545.7140954,537.8678408,530.3812892,550.0080129,-0.216697534,9.59,10.59,11.18,9.5,58.2
1983,9,486.0752361,475.5109381,546.0133492,538.2150252,527.7904708,550.2042841,-0.127259756,10.59,9.89,10.53,9.2,58.4
1983,10,486.7947369,476.2848408,546.4109605,538.3871703,527.6779215,550.4001709,-0.113959129,9.43,9.82,10.61,8.8,58.4
1983,11,487.4378983,476.7257998,546.7081392,538.5270634,528.6863334,550.3022734,-0.01775585,9.34,9.98,10.67,8.5,58.7
1983,12,488.0719301,477.2122573,547.0044374,538.5829676,531.8681707,550.4979685,0.049237468,9.92,10.08,10.85,8.3,58.8
1984,1,488.7974511,479.1889475,547.692399,539.0171536,532.9422948,551.0827665,-0.033301849,9.35,9.85,10.58,8,58.8
1984,2,489.4010492,479.6424229,548.1809197,539.6866341,532.6926959,551.3738859,-0.121866735,9.45,10.21,10.99,7.8,59.1
1984,3,489.8961005,480.1192129,548.4728923,540.0157679,535.543496,552.0498935,-0.028416852,10.24,10.8,11.6,7.8,59.1
1984,4,490.5089912,480.7098436,548.8608622,540.3947971,534.6722586,552.1460918,0.039886525,10.9,11.11,11.89,7.7,59.3
1984,5,491.1157433,481.2468705,549.0542883,540.5201716,536.5103544,552.2421976,-0.367103725,10.81,12.15,13,7.4,59.7
1984,6,491.5910549,481.5950831,549.2473369,540.6981664,535.0913999,552.1460918,-0.110129377,10.85,12.3,13.17,7.2,59.9
1984,7,491.8496041,481.8844001,549.6323237,541.0551525,529.7582343,552.3382151,-0.187446796,11.83,11.86,12.57,7.5,59.8
1984,8,492.0554238,482.0061541,549.9200953,541.362347,531.50755,551.9535986,0.155983701,11.64,11.96,12.54,7.5,59.6
1984,9,492.1859162,481.7164535,550.207037,541.4981465,527.9403396,551.5674972,-0.069126753,11.23,11.43,12.07,7.3,59.7
1984,10,492.4605621,481.6839681,550.5883538,541.7343807,527.7904708,551.5674972,-0.215721127,9.99,10.26,11.09,7.4,59.7
1984,11,492.8765504,482.0178576,550.7784703,541.8735416,528.4258681,551.8572149,-0.15366037,8.92,9.71,10.5,7.2,59.8
1984,12,493.2013324,482.0723645,550.9682221,542.1551253,524.1634269,551.6641644,-0.016978277,8.74,9.22,10.02,7.3,59.9
1985,1,493.4935978,482.0015804,551.1576144,542.6546276,524.046718,551.5674972,-0.1361764,8.73,9.09,9.9,7.3,59.9
1985,2,493.802381,482.3055939,551.7236568,543.1173169,522.081246,551.4707404,-0.201743507,8.74,9.72,10.66,7.2,60
1985,3,494.1331702,482.4530671,552.1929208,543.5075977,524.0077848,551.2769416,0.036855223,8.58,9.49,10.43,7.2,60.2
1985,4,494.2919237,482.2442777,552.38001,543.6537991,522.9508167,551.4707404,-0.11039618,8.58,8.99,9.91,7.3,60.1
1985,5,494.689745,482.4031461,552.5667498,543.8906836,520.0358568,551.6641644,-0.318865645,7.64,7.98,8.92,7.2,60.1
1985,6,495.0717479,482.3479109,552.8462112,544.1609895,518.3194273,551.4707404,0.018416699,7.95,7.71,8.67,7.4,59.8
1985,7,495.6456801,481.832546,553.0320833,544.4060948,516.2368864,551.3738859,-0.024410335,8.61,8.12,9.01,7.4,59.9
1985,8,496.3103114,482.1617367,553.2176144,544.7369715,514.3247822,550.8882136,0.024326978,7.8,8.03,8.96,7.1,60
1985,9,496.6314476,482.5328245,553.4027981,544.905748,512.7247481,550.3022734,0.088365361,8.84,7.99,8.88,7.1,60.3
1985,10,496.6552375,482.19042,553.7721436,545.0723683,513.0294273,551.0827665,0.195991642,8.08,7.92,8.7,7.1,60.3
1985,11,496.8864876,482.5280903,554.2319145,545.3618898,514.4533996,551.5674972,0.18281105,8.54,7.85,8.46,7,60.4
1985,12,497.2627302,483.5341306,554.6895811,545.698921,515.8573793,551.7607342,-0.029884047,13.46,7.6,7.98,7,60.4
1986,1,497.8067291,484.0476352,555.054213,546.1570182,513.6792022,551.3738859,0.230999808,8.09,7.57,7.99,6.7,60.6
1986,2,497.8849812,483.3626161,554.8720652,546.1570182,510.1639018,549.9097306,-0.200805229,7.95,7.43,7.71,7.2,60.3
1986,3,497.8936242,482.6392373,554.3236147,545.9384345,506.752154,548.5235717,0.577289044,8.06,6.72,6.92,7.2,60.5
1986,4,498.1353964,482.755537,553.9563041,545.7323767,506.1021981,547.8232196,0.518184871,7.05,6.54,6.83,7.1,60.5
1986,5,498.2762099,482.948577,554.2319145,545.9161765,506.2883313,548.2240224,0.01482247,6.84,6.88,7.36,7.2,60.5
1986,6,498.5232393,482.5641209,554.598216,546.2864643,508.677053,548.1239701,0.075050109,7.72,6.41,6.81,7.2,60.7
1986,7,498.9342839,483.1729019,554.6895811,546.3123334,508.8131383,547.6222142,0.719066418,6.35,6.2,6.57,7,60.8
1986,8,499.2487537,483.0072909,554.7808628,546.4378859,503.4114528,547.5215577,0.693206752,5.77,5.52,5.94,6.9,60.8
1986,9,499.6012485,483.2753945,555.1451627,546.7639589,508.2220932,547.6222142,0.317218148,6.9,5.82,6.38,7,60.8
1986,10,499.6075612,483.6983407,555.3268181,546.9440412,511.302299,547.9235689,0.524427928,5.93,5.73,6.26,7,60.9
1986,11,499.7047069,484.0885026,555.5081402,547.1219659,512.2177983,548.0238218,0.614038058,6.03,5.76,6.21,6.9,60.9
1986,12,500.0760396,485.0534928,555.869805,547.2574913,512.2572227,547.9235689,0.652523005,14.35,5.95,6.35,6.6,61
1987,1,500.000218,484.6654748,556.4098594,547.7230956,512.7465417,548.7227753,0.520962293,6.28,5.93,6.33,6.6,61
1987,2,500.6377269,485.9964253,556.7682835,548.0740585,511.1828431,549.2190529,0.56832266,6.02,5.9,6.35,6.6,61.1
1987,3,500.973289,486.1259187,557.1254274,548.3369276,512.0731091,549.4168772,0.457285939,6.23,6.15,6.54,6.6,61.2
1987,4,501.3366973,486.7666903,557.5700701,548.7091974,517.0333693,550.1061946,-0.272305961,7.63,6.62,7.38,6.3,61.3
1987,5,501.6450089,487.3922847,557.8359076,548.9632113,521.0036063,550.790797,0.184818121,6.63,6.88,7.69,6.3,61.6
1987,6,501.8404367,487.9284836,558.2774093,549.3421255,522.0693358,551.1798991,0.171891875,6.56,6.77,7.48,6.2,61.4
1987,7,502.0739155,488.6013653,558.5413793,549.5712905,522.4299822,551.6641644,0.25493681,6.75,6.89,7.63,6.1,61.6
1987,8,502.3503115,489.3490055,558.9797841,549.9657256,523.1238271,551.9535986,0.273701969,6.95,7.23,7.97,6,61.8
1987,9,502.9868614,489.7257317,559.3291301,550.3018171,523.3357498,551.8572149,0.247002311,8.38,7.92,8.6,5.9,61.6
1987,10,503.768557,491.0631443,559.5903383,550.6190882,522.8523818,552.2421976,-0.651956743,6.62,6.75,7.58,6,61.8
1987,11,504.255948,491.5677739,559.9375615,550.8100301,523.0688108,552.3382151,0.253036217,7.19,7,7.73,5.8,61.9
1987,12,504.4770407,492.1269293,560.1107239,550.9935555,524.5553484,552.3382151,-0.00334509,6.89,7.1,7.77,5.7,62
1988,1,504.3655743,492.10295,560.4561444,551.3824313,524.8183537,552.721358,-0.138011431,6.79,6.66,7.22,5.7,62
1988,2,504.5989883,492.6059857,560.6284119,551.5280901,524.0856361,552.9123803,0.202374318,6.67,6.63,7.13,5.7,62.1
1988,3,505.0802431,492.8205189,560.8862525,551.8729631,525.7066674,553.0077528,-0.069062125,6.83,6.76,7.41,5.7,61.9
1988,4,505.6216217,493.398043,561.485315,552.3576239,526.5833644,553.8620526,-0.00042,6.98,7.14,7.73,5.4,62.2
1988,5,506.0200702,493.2146839,561.7409585,552.6476439,529.960236,554.5215022,0.077186534,7.48,7.66,8.21,5.6,62
1988,6,506.3097519,493.4829122,562.1655875,553.0733276,533.9873845,555.1766276,0.17783253,8.27,7.5,8.02,5.4,62.3
1988,7,506.3504028,493.5016664,562.588421,553.5573742,531.4425,555.8274891,-0.107652187,7.84,7.9,8.39,5.4,62.3
1988,8,506.5107922,494.0099089,563.0094742,553.8542199,531.4099591,555.9201228,0.109949798,8.14,8.28,8.71,5.6,62.4
1988,9,506.8395318,493.6882469,563.428762,554.339625,529.7141069,556.0126746,0.272807497,8.54,8.13,8.43,5.4,62.4
1988,10,507.3691166,494.1244058,563.7629317,554.6647574,530.6840821,556.105137,0.426009278,8.39,8.06,8.25,5.4,62.5
1988,11,507.8733873,494.3759822,564.0959885,554.8973161,530.5601573,556.1975179,0.294296565,8.5,8.62,8.84,5.3,62.7
1988,12,508.4213829,494.8078736,564.4279397,555.208812,534.198615,556.8417898,0.436944134,9.04,9.02,9.14,5.3,62.6
1989,1,508.7713083,495.1184113,564.8413341,555.7196565,535.0321283,558.208554,0.456473439,9.14,9.04,9.12,5.4,62.9
1989,2,508.845189,494.6761015,565.1708244,556.0520733,535.1993932,558.4796779,0.300864959,9.87,9.4,9.55,5.2,62.9
1989,3,509.0735893,494.9331996,565.6630313,556.4234734,534.4690421,559.1094624,0.530647547,9.79,9.64,9.73,5,62.9
1989,4,509.4249959,494.9015248,566.3968305,557.087542,533.5812747,559.8243869,0.632038037,9.82,9.12,9.22,5.2,62.9
1989,5,509.6271441,494.3480019,566.8830544,557.4518156,532.7034057,560.6226168,0.448748781,10.48,8.86,8.82,5.2,62.9
1989,6,509.915399,494.3358735,567.2058963,557.6713962,533.5741973,560.3572487,0.718376582,9.63,8.12,8.08,5.3,63
1989,7,510.0837672,493.3670157,567.5276993,557.9102384,531.6591691,560.2686372,0.949990814,8.94,7.65,7.53,5.2,63
1989,8,510.5542168,494.3501051,567.5276993,557.9217544,531.947333,559.5568893,0.702789744,8.92,8.28,8.42,5.2,63.1
1989,9,510.5406772,494.0077985,567.7683712,558.1435879,530.7059352,559.9133965,0.698628637,9.24,8.48,8.46,5.3,62.8
1989,10,510.4052351,493.8967348,568.2479877,558.5334768,529.1386719,560.2686372,0.609164409,8.89,7.88,7.85,5.3,62.9
1989,11,510.5323618,494.2272795,568.6459223,558.7523265,527.3771694,560.1799434,0.673441328,8.6,7.72,7.75,5.4,63
1989,12,510.8290984,494.7982141,568.9631284,559.0406738,525.4766941,560.4457854,0.580994698,7.97,7.76,7.87,5.4,63
1990,1,511.2593171,494.2606315,569.9087638,559.7958704,525.4037588,562.1132192,0.318130571,7.95,8.08,8.28,5.4,63.2
1990,2,511.7420313,495.1702366,570.3001536,560.2356579,526.7729379,561.6771098,0.429063281,7.8,8.12,8.43,5.3,63.2
1990,3,512.0218635,495.6534906,570.7678077,560.6110879,529.5005496,561.5021313,0.460477333,7.95,8.35,8.64,5.2,63.2
1990,4,511.9231827,495.4390322,571.0008188,560.820649,530.1471828,561.414529,0.204966783,8.14,8.58,8.96,5.4,63
1990,5,512.017462,495.7256177,571.1558562,561.045717,532.0982873,561.8517826,0.099346019,7.77,8.22,8.5,5.4,63.1
1990,6,512.164352,496.048114,571.77362,561.4864044,531.7565173,561.5896606,0.150630513,7.67,8.05,8.24,5.2,62.9
1990,7,512.1658923,495.8905764,572.2344496,561.7337374,531.4171913,561.7644825,0.074036187,7.53,7.72,7.91,5.5,62.8
1990,8,512.1990543,496.2574594,573.073828,562.3966061,529.4268033,563.4961303,-0.195882661,7.55,7.76,8.07,5.7,62.7
1990,9,511.9404798,496.2712594,573.7553912,563.0082183,530.1581688,565.1138725,0.001214155,7.51,7.69,8.02,5.9,62.5
1990,10,511.5884825,495.6566784,574.4323406,563.578814,526.4200433,567.120632,0.230095235,7.34,7.43,7.77,5.9,62.5
1990,11,511.1072381,494.4062136,574.6569737,563.7062055,525.7755563,566.5394737,0.307550613,7.19,7.31,7.53,6.2,62.3
1990,12,510.8614512,493.702894,575.0302477,563.7993181,524.524361,565.3669326,0.409368821,6.76,6.82,7.15,6.3,62.2
1991,1,510.686403,493.3598298,575.4021335,564.1786248,523.574605,565.6193504,0.446434967,6.39,6.51,7.05,6.4,62
1991,2,510.6927405,492.630171,575.4763475,564.2296038,523.6840526,564.0951899,0.344130481,6.1,6.41,7.04,6.6,61.9
1991,3,510.7688869,492.0670469,575.4763475,564.2496791,523.3553496,563.2382852,0.277115681,5.76,6.28,7.02,6.8,61.8
1991,4,511.187404,492.3322563,575.6986502,564.4317249,522.8169215,563.0660196,0.233122606,5.56,6.06,6.8,6.7,62
1991,5,511.5445535,493.3271556,576.0680632,564.8454948,520.6337418,563.4961303,0.214544901,5.54,6.16,6.68,6.9,61.6
1991,6,511.7413147,494.1216546,576.3626148,565.0142007,518.6034424,563.4102546,0.118948931,5.53,6.32,6.9,6.9,61.7
1991,7,511.910652,494.3881058,576.5095675,565.1719129,520.0480117,563.1521913,0.228745103,5.45,6.19,6.81,6.8,61.6
1991,8,511.9502209,494.4062136,576.8028203,565.4026734,517.7614017,563.2382852,0.166622399,5.21,5.72,6.36,6.9,61.5
1991,9,512.1217957,495.2390314,577.0952187,565.7470612,519.1118277,563.1521913,0.18513969,5.02,5.42,5.99,6.9,61.6
1991,10,512.1837416,495.1386367,577.2410995,565.9339941,518.1213747,563.4102546,0.185868441,4.8,5.1,5.7,7,61.5
1991,11,512.3325621,495.0098639,577.6774632,566.1539158,518.2946922,563.4102546,0.186879445,4.41,4.69,5.38,7,61.4
1991,12,512.5111876,494.57159,577.967319,566.4035874,516.5058845,562.9797772,0.221418209,3.75,4.12,4.77,7.3,61.2
1992,1,513.0315252,494.0483609,578.0396511,566.5395084,516.0304445,562.7205992,0.080524895,3.6,4.23,5.11,7.3,61.5
1992,2,513.545731,494.7471614,578.256334,566.7927326,516.3126153,563.0660196,0.115323571,3.53,4.35,5.27,7.4,61.3
1992,3,514.0101647,495.5750787,578.6164352,567.034809,517.8898166,563.1521913,0.058760305,3.53,4.54,5.6,7.4,61.5
1992,4,514.3473193,496.3343876,578.8318763,567.3047593,519.2180976,563.3243087,0.053074839,3.27,4.4,5.46,7.4,61.6
1992,5,514.5833365,496.6565113,579.0468543,567.4364683,519.5117956,564.0951899,0.016111587,3.29,4.24,5.19,7.6,61.5
1992,6,514.887606,496.7103868,579.3327705,567.6143034,521.1319349,564.7754657,-0.004514703,3.42,4.05,4.83,7.8,61.5
1992,7,515.3074974,497.6015208,579.6178746,567.9437288,519.4466039,564.6906821,-0.075446103,3.1,3.62,4.42,7.7,61.6
1992,8,515.5008054,497.0445253,579.8311713,568.0775738,518.7225707,564.5209025,0.10144576,3.08,3.47,4.15,7.6,61.6
1992,9,515.9547158,497.3582576,580.044011,568.2409185,519.0913782,564.7754657,0.189939653,2.85,3.06,3.8,7.6,61.4
1992,10,516.3966041,498.0368783,580.4683421,568.5934272,517.2252519,564.8601739,0.132900029,2.95,3.54,4.4,7.3,61.3
1992,11,516.6644345,498.4394599,580.7502315,568.7898794,516.6694512,564.6058301,0.068024454,2.98,3.83,4.79,7.4,61.4
1992,12,516.8093821,498.5972178,580.8908773,568.9638519,515.2514067,564.4359062,0.132128447,2.76,3.61,4.56,7.4,61.4
1993,1,516.7834419,498.9958597,581.2416317,569.208081,516.3924892,564.7754657,0.077359421,2.82,3.39,4.2,7.3,61.4
1993,2,516.7669886,499.4682387,581.4514965,569.3578524,516.6191515,565.1138725,0.043667609,2.87,3.32,3.92,7.1,61.4
1993,3,516.818938,499.3715424,581.5911601,569.5630605,516.648496,565.3669326,0.013175884,2.93,3.32,3.96,7,61.5
1993,4,517.1694491,499.6579776,581.9394711,569.8277383,515.4594615,565.8711361,0.039360523,2.91,3.26,3.83,7.1,61.5
1993,5,517.4132644,499.2571997,582.2172496,570.136863,514.6289096,566.2058615,0.01144397,3.1,3.62,4.24,7.1,61.7
1993,6,517.5260027,499.4957369,582.2865731,570.1717978,514.3933988,566.0386406,-0.068841507,3.14,3.45,4.03,7,61.8
1993,7,517.5986602,499.7366181,582.4250761,570.3303093,515.0642124,565.7872768,-0.071697891,3.08,3.53,4.13,6.9,61.8
1993,8,517.745177,499.6434066,582.6324745,570.5016213,515.603572,565.3669326,-0.039610233,3.09,3.38,3.88,6.8,62
1993,9,518.1909847,500.1537972,582.7704995,570.6060112,515.0258795,565.3669326,0.014397254,3.04,3.39,3.89,6.7,61.7
1993,10,518.7584058,500.8942395,583.1834412,570.9199642,516.807645,565.7033506,-0.026488191,3.11,3.47,3.99,6.8,61.8
1993,11,519.2214369,501.3687631,583.4577874,571.1090175,518.5088603,565.6193504,-0.145278001,3.13,3.65,4.22,6.6,61.9
1993,12,519.5982293,501.9319345,583.6630571,571.1320823,519.4832795,565.2826492,-0.155626037,3.13,3.63,4.25,6.5,62
1994,1,519.7621186,502.2501478,583.6630571,571.1652326,521.1118944,565.7033506,-0.239099812,3.05,3.53,4.12,6.6,62.2
1994,2,520.0211731,502.3215563,583.9360954,571.3969609,522.623639,565.8711361,-0.447729636,3.43,4.03,4.67,6.6,62.3
1994,3,520.6836704,503.3160812,584.2083902,571.672611,522.3745827,566.2058615,-0.326563227,3.69,4.5,5.21,6.5,62.1
1994,4,521.161305,503.9056168,584.2763474,571.7901037,523.6918658,566.2058615,-0.277158171,4.07,5.07,5.73,6.4,62.3
1994,5,521.5476982,504.3744292,584.4799455,571.9346327,523.9727319,566.3728067,-0.280755435,4.43,5.38,6.01,6.1,62.5
1994,6,521.7872792,505.0264065,584.7507626,572.1788522,522.8208621,566.8719766,-0.327754502,4.68,5.51,6.19,6.1,62.3
1994,7,521.8091577,505.1514695,585.0882586,572.4936019,526.001027,567.0378144,-0.311979404,4.7,5.37,5.99,6.1,62.3
1994,8,522.0696497,505.8096639,585.4917584,572.7222791,527.76047,567.4512079,-0.25772936,4.74,5.56,6.17,6,62.6
1994,9,522.36345,506.1209707,585.6928965,572.8342948,528.2394053,567.2860548,-0.404783256,5.08,5.96,6.62,5.9,62.7
1994,10,522.8243097,506.9251186,585.7598527,573.002793,529.2976162,567.2033776,-0.301269814,5.27,6.18,6.84,5.8,62.9
1994,11,523.2500961,507.6005407,586.0272331,573.1936018,531.4822578,567.6984289,-0.26591401,5.97,6.91,7.4,5.6,63
1994,12,523.579147,508.5692796,586.2273009,573.2585328,534.7702155,568.0271068,-0.189224013,7.12,7.2,7.69,5.5,63.1
1995,1,523.594957,508.7779528,586.493436,573.4601227,535.8068547,568.8441027,-0.237091486,6.32,6.84,7.26,5.6,63
1995,2,523.5362754,508.6434673,586.7588619,573.6374084,534.2900098,569.3311175,-0.29284806,5.99,6.44,6.79,5.4,63.1
1995,3,523.5827924,508.7986753,586.9574728,573.8214014,533.7191838,569.6544813,-0.302827675,6,6.49,6.8,5.4,63.1
1995,4,523.6196958,508.6358965,587.3535123,574.0848561,535.6787272,570.2178623,-0.246479021,5.93,6.32,6.6,5.8,63.1
1995,5,523.8407455,509.0990138,587.5509468,574.2386844,536.3280577,570.458342,-0.341026187,5.79,5.8,5.89,5.6,62.7
1995,6,524.1441142,509.4287786,587.7479923,574.3364533,538.9075085,570.778087,-0.153240892,5.68,5.65,5.79,5.6,62.7
1995,7,524.3050907,509.0046356,587.8791387,574.4606197,536.5962281,570.778087,-0.327690509,5.54,5.67,5.88,5.7,62.8
1995,8,524.7634329,510.3111462,588.0755392,574.6765014,537.045005,570.6183423,-0.197498672,5.49,5.65,5.85,5.7,62.8
1995,9,525.0726797,510.7112611,588.206257,574.7446475,537.1816357,570.6982482,-0.176104084,5.54,5.65,5.83,5.6,62.9
1995,10,525.1642353,510.5577588,588.467184,575.0042998,537.5938108,570.778087,-0.128681302,5.49,5.55,5.61,5.5,62.9
1995,11,525.3739717,510.7986904,588.5973912,575.0015276,538.0279894,570.8578655,-0.052259363,5.42,5.36,5.36,5.6,62.8
1995,12,525.6312985,511.1472475,588.7274319,575.1927161,535.8552925,571.0968129,-0.058996428,5.33,5.18,5.18,5.6,62.7
1996,1,525.608348,510.6046439,589.2459018,575.4153104,534.7387398,571.5730051,-0.104692076,5.03,4.9,4.93,5.6,62.7
1996,2,526.12804,512.0241345,589.4396388,575.5726232,534.7352419,571.4937954,-0.32562586,5.05,5.23,5.44,5.5,62.9
1996,3,526.6674098,511.8719597,589.7617002,575.8741351,535.9348182,571.6521488,-0.348047999,5.15,5.41,5.79,5.5,63
1996,4,527.2887096,512.8718966,590.1468092,576.1733722,539.5529417,572.4401762,-0.297798071,5.19,5.62,6.03,5.6,63
1996,5,527.8570451,513.6169427,590.3388103,576.3459196,542.7126015,572.988122,-0.328629694,5.15,5.77,6.27,5.6,63
1996,6,528.2053289,514.3609848,590.5304408,576.3445505,542.3015778,572.910029,-0.282532163,5.26,5.7,6.11,5.3,63.2
1996,7,528.3530156,514.3617786,590.7217074,576.5564043,543.4398775,572.910029,-0.335905881,5.39,5.85,6.22,5.5,63.3
1996,8,528.6361232,514.8644048,590.8490138,576.6505693,543.6768672,573.1441285,-0.368026572,5.28,5.91,6.34,5.1,63.3
1996,9,529.035736,515.5081956,591.1665751,576.9325335,540.9367032,573.0661573,-0.389884141,5.29,5.71,6.1,5.2,63.4
1996,10,529.4302974,515.4949757,591.4831312,577.2354071,536.0419049,572.910029,-0.32193043,5.21,5.44,5.77,5.2,63.5
1996,11,529.8160947,516.3735193,591.7986884,577.4129003,535.8725861,573.0661573,-0.292853027,5.2,5.38,5.59,5.4,63.4
1996,12,529.871698,517.0035713,592.0504197,577.5279014,535.5504354,573.7657322,-0.395812663,5.22,5.51,5.88,5.4,63.4
1997,1,529.8934418,517.184188,592.2388038,577.6576234,536.8876486,574.2294122,-0.326384566,5.23,5.58,5.94,5.3,63.4
1997,2,530.3142272,518.3581764,592.4268311,577.8680649,538.9477607,573.2998921,-0.474186497,5.27,5.67,6.09,5.2,63.4
1997,3,530.83889,518.9796808,592.489431,577.9731183,538.328772,572.3616539,-0.502630573,5.49,6.02,6.45,5.2,63.6
1997,4,531.4749087,519.0633376,592.5519891,578.0713392,536.5584527,572.12571,-0.458139603,5.46,5.9,6.29,5.1,63.7
1997,5,532.0177185,519.6176994,592.5519891,578.0242588,537.3112622,572.4401762,-0.454179045,5.35,5.78,6.22,4.9,63.8
1997,6,532.4834105,520.0836503,592.739429,578.1533389,536.9081874,572.2830667,-0.560180487,5.32,5.67,6.08,5,63.7
1997,7,532.9280562,520.9166266,592.8641966,578.2124475,537.6515838,572.0469404,-0.532363448,5.35,5.45,5.74,4.9,63.9
1997,8,533.2317191,521.9105693,593.1132632,578.2929889,537.7738166,572.2830667,-0.489270369,5.4,5.59,5.97,4.8,63.9
1997,9,533.5378154,522.835869,593.3617084,578.5342308,537.467954,572.5186368,-0.579131878,5.53,5.47,5.8,4.9,63.9
1997,10,533.7822534,523.706512,593.5476407,578.6639925,538.860527,572.7536566,-0.430592573,5.38,5.36,5.63,4.7,63.9
1997,11,534.0896135,524.5004033,593.671402,578.6680026,538.2038374,572.8318717,-0.348182195,5.46,5.52,5.76,4.6,64.1
1997,12,534.386992,524.9512237,593.7332279,578.6466123,529.6883569,571.9681053,-0.394095875,5.42,5.51,5.66,4.7,64
1998,1,534.7343532,525.39931,593.8567599,578.6960723,527.76047,570.8578655,-0.351136561,5.36,5.24,5.32,4.6,64
1998,2,535.1150967,525.5649138,593.8567599,578.6452743,527.3093753,570.5383759,-0.349608553,5.41,5.41,5.55,4.6,64
1998,3,535.3888277,525.6059811,593.8567599,578.66132,528.6714679,570.2980887,-0.40135413,5.37,5.41,5.6,4.7,64
1998,4,535.6759083,525.9677209,593.9801395,578.7842395,530.9423721,570.458342,-0.429883137,5.33,5.4,5.59,4.3,64.1
1998,5,536.0399718,526.5930323,594.2264455,578.9216775,531.156501,570.6183423,-0.389050101,5.41,5.42,5.53,4.4,64.1
1998,6,536.2823392,525.9902317,594.3493727,578.8376379,528.6380126,570.3782475,-0.35491431,5.29,5.38,5.49,4.5,64
1998,7,536.6068103,525.5881101,594.5947721,579.0842259,527.2264535,570.458342,-0.315072228,5.23,5.38,5.49,4.5,64
1998,8,537.2824201,527.6265706,594.717245,579.2225829,523.6567019,569.896318,0.093204947,5.13,4.95,4.91,4.5,63.9
1998,9,537.8350216,527.5387628,594.7784253,579.1640715,523.9999963,569.5737366,0.060147753,4.85,4.41,4.3,4.6,64.2
1998,10,538.441034,528.2284931,595.0227753,579.3833151,521.7432399,569.7351574,0.199607317,4.73,4.18,4.12,4.5,64.1
1998,11,538.8593417,528.1429414,595.1447255,579.3886246,515.700941,569.4120548,0.17533514,4.74,4.53,4.54,4.4,64.2
1998,12,539.2192909,528.5692862,595.3273749,579.4881162,515.2301523,568.7627042,0.046440523,4.69,4.53,4.54,4.4,64.3
1999,1,539.4814831,528.9840993,595.5096914,579.6298877,514.9278507,568.8441027,0.053323015,4.76,4.51,4.58,4.3,64.4
1999,2,539.8281478,529.5552949,595.5096914,579.5729399,510.6368425,568.3547046,-0.19292775,4.85,4.88,5.13,4.4,64.2
1999,3,540.0250691,529.764459,595.5703889,579.6484225,511.1031266,568.5997047,-0.178203716,4.73,4.72,4.99,4.2,64.2
1999,4,540.2593757,529.9917536,596.2356463,580.1304419,511.9194216,569.4120548,-0.219784954,4.74,4.78,5.08,4.3,64.2
1999,5,540.6230583,530.5992338,596.2959048,580.1949751,512.4191377,570.2980887,-0.215016601,4.74,4.97,5.42,4.2,64.3
1999,6,540.9424931,530.5419288,596.2959048,580.2265676,511.5937028,570.6982482,-0.155376484,4.93,5.07,5.53,4.3,64.2
1999,7,541.3814532,531.119213,596.7167065,580.4920759,512.3666535,571.0968129,-0.105102769,4.93,5.13,5.63,4.3,64.2
1999,8,541.9088514,531.564969,596.956369,580.6730593,513.9766867,572.0469404,-0.039577081,5.19,5.3,5.73,4.2,64.2
1999,9,542.4694739,531.1429476,597.3744063,581.0314364,516.3966913,572.910029,0.080683339,5.17,5.22,5.63,4.2,64.2
1999,10,543.2246201,532.4323263,597.5530293,581.2010196,513.7266866,572.6753769,0.103422353,5.31,5.43,5.79,4.1,64.3
1999,11,543.6481422,532.9532224,597.7313365,581.2909159,512.9598682,573.1441285,0.060272391,5.59,5.7,6.01,4.1,64.4
1999,12,543.7602321,533.7365998,597.968585,581.5224411,511.7831009,572.7536566,-0.164917699,5.83,5.98,6.24,4,64.4
2000,1,543.6399745,533.6773557,598.2643556,581.7949023,510.8014003,573.1441285,0.027921026,5.85,6.3,6.61,4,64.6
2000,2,543.6771458,534.0439396,598.6769694,582.1079644,508.8493965,574.3064821,0.102909729,5.85,6.2,6.53,4.1,64.6
2000,3,544.4039972,534.4229393,599.2634812,582.5371532,512.1169764,575.0739468,0.366928049,6.06,6.28,6.5,4,64.6
2000,4,545.3009103,535.0443247,599.2049851,582.453523,511.8358923,574.9974632,0.524523122,6.16,6.24,6.68,3.8,64.7
2000,5,545.8153333,535.3397327,599.3803734,582.5371532,514.7784919,575.6837025,0.706520718,6.62,6.37,6.69,4,64.4
2000,6,545.9950528,535.3985348,599.9627861,582.8761071,510.7569519,577.3416181,0.747032069,6.46,6.08,6.38,4,64.5
2000,7,545.7365567,535.2086922,600.2527254,583.1257326,507.6137715,577.26685,0.828079155,6.41,6.07,6.3,4,64.2
2000,8,545.6491171,534.939629,600.2527254,583.1193413,508.4452821,576.6666972,1.007924743,6.39,6.22,6.18,4.1,64.2
2000,9,546.0227142,535.3318962,600.7725075,583.5480396,510.3203089,578.0120112,1.100919886,6.52,6.07,5.98,3.9,64.2
2000,10,546.3242025,534.9892981,600.9451679,583.6841743,508.8811116,578.5303382,1.511724157,6.65,6.12,5.94,3.9,64.2
2000,11,546.4954044,534.9929593,601.1175332,583.8239326,510.9346271,578.2344795,1.572669974,6.44,5.92,5.61,3.9,64.3
2000,12,546.364312,534.6627082,601.3468915,583.9774421,510.3381684,579.1194424,1.573565518,5.99,5.32,5.11,3.9,64.4
2001,1,546.0798306,534.1176357,601.9179952,584.4605332,510.7080358,581.8712437,1.152231417,5.04,4.6,4.62,4.2,64.4
2001,2,545.9558877,533.438933,602.1455271,584.6155903,510.9701243,579.9966394,1.13881341,4.76,4.47,4.41,4.2,64.3
2001,3,546.17202,533.1839228,602.2023286,584.6244074,510.6635459,578.8989333,1.071492539,4.3,4.09,4.18,4.3,64.3
2001,4,546.5136497,532.8561031,602.3725399,584.7993289,512.1695918,579.2661778,0.887249774,3.83,3.94,4.3,4.4,64
2001,5,546.8312431,532.3025101,602.8814473,585.0617633,512.938121,579.5590012,0.750098511,3.23,3.63,4.22,4.3,63.8
2001,6,546.7168964,531.7339248,603.1068,585.2396771,514.6160779,578.6041647,0.987864159,3.27,3.72,4.25,4.5,63.7
2001,7,546.4443038,531.138136,602.9378325,585.2058734,516.8662151,577.0422162,0.749650361,3.05,3.53,3.79,4.6,63.7
2001,8,546.2853452,531.016377,602.9378325,585.1933507,514.7101392,577.0422162,0.756800374,2.83,3.41,3.64,4.9,63.2
2001,9,546.1254667,530.4856043,603.3316459,584.8533776,507.9252554,576.9672239,1.194187045,2.17,2.49,2.86,5,63.5
2001,10,546.3530477,530.1783104,603.05051,585.2046203,501.7810081,574.6909491,1.026908532,1.57,2.07,2.44,5.3,63.2
2001,11,546.5293119,529.5974825,602.9941883,585.1369777,507.2598864,574.3064821,-0.124836152,1.13,2.06,2.84,5.5,63
2001,12,546.8030827,529.5631413,602.9378325,585.0341727,504.8838138,572.988122,0.390033467,0.67,2.17,3.07,5.7,62.9
2002,1,547.1394405,530.2570559,603.1068,585.1244464,504.9874847,573.2998921,0.577893719,0.95,2.29,3.16,5.7,62.7
2002,2,547.4232352,530.2468887,603.2754824,585.2909873,506.6502974,573.2220422,0.748858696,0.97,2.25,3.06,5.7,63
2002,3,547.5930074,531.0047202,603.5559874,585.5633684,508.3770119,574.3064821,0.257141706,1.4,2.7,3.72,5.7,62.8
2002,4,547.8204015,531.48468,604.0031639,585.9804944,505.2790712,575.0739468,0.380282009,0.93,2.35,3.24,5.9,62.7
2002,5,547.9815138,531.9168121,604.114648,586.0450868,509.4232408,575.0739468,0.47723716,1.12,2.34,3.22,5.8,62.9
2002,6,548.193866,532.7325629,604.1703423,586.1704263,514.2604115,575.1503687,0.917554601,1.02,2.06,2.9,5.8,62.7
2002,7,548.3105359,532.7096447,604.3928123,586.3909404,514.7528651,575.379291,1.513549339,1.15,1.8,2.23,5.8,62.7
2002,8,548.4471115,532.580738,604.6702049,586.5875048,514.376249,575.6076873,1.429234564,1.43,1.74,2.14,5.7,62.7
2002,9,548.4434237,532.688043,604.8362705,586.767659,516.0726101,576.2142102,1.587322768,1.59,1.53,1.72,5.7,63
2002,10,548.418524,532.4273522,605.0572655,586.9487178,515.7136343,576.8921784,1.401479805,1.44,1.46,1.68,5.7,62.7
2002,11,548.5795088,532.9722376,605.2226924,587.0483469,517.7945568,576.8170735,1.002532067,1.14,1.56,2.08,5.9,62.5
2002,12,548.5948305,532.4317758,605.3878438,587.1441899,519.0218187,576.6666972,0.86799921,1.12,1.32,1.61,6,62.4
2003,1,548.8694597,533.25453,605.8269233,587.442195,521.3801037,578.456454,0.839701768,1.02,1.31,1.72,5.8,62.5
2003,2,549.0124961,533.3628669,606.3730742,587.8637672,521.3761059,580.1420942,0.612872817,1.16,1.24,1.53,5.9,62.5
2003,3,549.2550384,533.067487,606.5363405,588.1195086,520.5450929,582.7247353,0.104588257,1.06,1.19,1.51,5.9,62.4
2003,4,549.4456769,532.4311132,606.1549712,587.9503071,520.3473647,579.5590012,0.019246178,1.01,1.22,1.51,6,62.4
2003,5,549.8819602,532.407239,605.9910829,587.8357185,521.5159353,579.4858765,-0.530354006,1.28,1.13,1.33,6.1,62.3
2003,6,550.473291,532.5400145,606.1003716,587.9429948,520.9474108,580.4323706,-0.423193035,1.1,1.09,1.32,6.3,62.3
2003,7,551.0950486,533.0591411,606.4275251,588.2362039,521.7790829,580.2147438,-1.096255639,0.94,1.28,1.8,6.2,62.1
2003,8,551.5683764,532.8214364,606.8620731,588.5733602,522.9822954,580.4323706,-0.216966594,0.74,1.35,1.95,6.1,62.1
2003,9,552.0842033,533.4798369,607.1867482,588.8864551,528.317762,580.7940337,-0.580143893,0.86,1.15,1.5,6.1,62
2003,10,552.4587549,533.6046439,607.078641,588.8985238,532.4424723,581.3699902,-0.538243219,0.83,1.31,1.85,6,62.1
2003,11,552.779766,534.2760429,607.1327092,589.0251613,531.3231315,581.0824266,-0.573738871,0.87,1.39,2.06,5.8,62.3
2003,12,552.9438814,534.3594367,607.4026149,589.2454878,533.9274547,581.5134625,-0.542404284,0.74,1.26,1.84,5.7,62.2
2004,1,553.0449819,534.5256867,607.8329553,589.6307933,536.606528,582.8662783,-0.720538568,0.75,1.28,1.84,5.7,62.3
2004,2,553.2570537,535.1320264,608.0474307,589.8438152,540.0185383,583.3601058,-0.356803757,0.75,1.21,1.66,5.6,62.3
2004,3,553.5909744,534.734655,608.2614494,589.9979131,542.1490373,584.0613692,-0.545755471,0.91,1.2,1.6,5.8,62.2
2004,4,553.782096,535.1399877,608.421664,590.1839466,541.2026477,585.242349,-0.767780093,0.87,1.55,2.31,5.6,62.3
2004,5,554.0999781,535.8564176,608.8476483,590.5074859,539.4462146,586.6141148,-0.383156908,1.07,1.83,2.54,5.6,62.3
2004,6,554.3354125,535.090716,609.2189043,590.7932791,536.5756251,586.8862214,-0.397296391,1.32,2.09,2.7,5.6,62.4
2004,7,554.7099879,535.820421,609.3247235,590.8856036,536.2281696,587.021999,-0.333423151,1.44,2.13,2.68,5.5,62.5
2004,8,555.0195114,535.9110774,609.3775911,590.9376449,538.648837,587.428229,-0.417341249,1.63,1.99,2.41,5.4,62.4
2004,9,555.2937115,536.017746,609.6942158,591.1337419,537.8687834,587.2253217,-0.562383337,1.93,2.21,2.63,5.4,62.3
2004,10,555.641357,536.8953773,610.219703,591.5623971,536.1730162,588.7705304,-0.530515662,2.08,2.28,2.56,5.5,62.3
2004,11,555.9578418,537.1344616,610.6902925,591.9470892,540.617293,589.6995366,-0.685691733,2.35,2.63,3.02,5.4,62.5
2004,12,556.4699355,537.9063873,610.6902925,592.0009227,537.1850491,588.9037752,-0.733399424,2.53,2.75,3.08,5.4,62.4
2005,1,556.9023002,538.2660537,610.6381123,592.1318708,536.0695216,589.3687372,-0.69764679,2.68,2.96,3.29,5.3,62.4
2005,2,557.213205,538.9933185,611.0547804,592.4095704,538.2072161,589.83155,-0.953099726,2.84,3.2,3.59,5.4,62.4
2005,3,557.2599496,538.8504034,611.4179446,592.7085773,538.9242822,591.2072659,-0.658919941,2.96,3.35,3.8,5.2,62.4
2005,4,557.4299367,539.0473259,611.7281844,592.9881574,540.2472159,592.0495125,-0.407338453,3.08,3.33,3.66,5.2,62.7
2005,5,557.5387019,539.162691,611.6765431,593.0449066,538.3658846,591.5968774,-0.328093414,3.15,3.32,3.6,5.1,62.8
2005,6,557.8623005,539.5725208,611.7281844,593.1062526,537.5870118,591.5968774,-0.476789937,3.32,3.45,3.66,5,62.7
2005,7,558.1587074,539.2717314,612.345787,593.5300092,536.884225,592.8847246,-0.578324813,3.58,3.8,4.02,5,62.8
2005,8,558.4982398,539.6057501,612.9596009,593.932471,536.8979185,593.7130186,-0.552850443,3.63,3.77,3.84,4.9,62.9
2005,9,558.5183872,537.657294,614.3270559,594.892955,538.5748078,596.590017,-0.487032336,4.14,4.01,4.18,5,62.8
2005,10,558.6128373,538.8580742,614.4778484,595.051955,538.837028,599.0261899,-0.330200575,4.2,4.31,4.4,5,62.8
2005,11,558.9051249,539.9572115,613.9743228,594.8440703,537.6311971,597.5105515,-0.334625052,4.33,4.34,4.42,5,62.7
2005,12,559.352944,540.4251368,613.9743228,594.8440703,540.6403774,597.0820212,-0.29504883,4.36,4.38,4.41,4.9,62.8
2006,1,559.9542996,540.6108426,614.5782492,595.3273334,543.0640278,597.8764036,-0.356184144,4.53,4.58,4.54,4.7,62.9
2006,2,560.3428493,540.6474937,614.6284117,595.3872928,543.1573189,596.3431029,-0.337578712,4.6,4.73,4.69,4.8,63
2006,3,560.5839156,540.8851973,614.7787509,595.5805089,543.852645,596.590017,-0.42364106,4.77,4.82,4.82,4.7,63.1
2006,4,560.5613683,541.1917131,615.2782523,596.043381,548.2932397,597.8764036,-0.466138544,4.91,4.9,4.87,4.7,63
2006,5,560.5450917,541.2037582,615.5767595,596.3126851,549.6312654,598.7852256,-0.3677845,5.07,5.07,5.04,4.6,63.1
2006,6,560.5083712,541.5256446,615.824837,596.5589096,551.4589457,598.9660045,-0.384946075,5.26,5.21,5.16,4.6,63.1
2006,7,560.4686317,541.4537804,616.3684504,596.9003833,551.6038454,599.3865512,-0.290304919,5.23,5.11,4.97,4.7,63
2006,8,560.6611734,541.8795877,616.8110382,597.2140433,553.1927626,600.0438585,-0.300348419,5.2,5.01,4.79,4.7,63.1
2006,9,560.9354271,541.6743662,616.3191533,596.9527275,553.4251654,598.5436792,-0.374612232,5.15,4.91,4.71,4.5,63.1
2006,10,561.2516315,541.5705391,615.8743783,596.7152848,555.632013,596.590017,-0.391743381,5.15,4.99,4.71,4.4,63.3
2006,11,561.5329822,541.5160627,615.9238972,596.7498773,559.586065,598.0588315,-0.376800695,5.13,4.94,4.62,4.5,63.3
2006,12,561.7970519,542.5343949,616.4669738,597.1051512,560.0460862,598.6645253,-0.499293234,5.17,5,4.82,4.4,63.4
2007,1,561.6828763,542.1449714,616.632765,597.4381204,559.2225425,597.6936448,-0.551621832,5.14,5.09,4.94,4.6,63.3
2007,2,561.7697063,543.1122777,617.0198489,597.7478928,562.099701,599.3865512,-0.567577738,5.13,4.96,4.65,4.5,63.3
2007,3,562.0086271,543.3045574,617.5385137,598.1139552,565.5873627,600.8742298,-0.382045921,5.18,4.9,4.58,4.4,63.3
2007,4,562.2165983,543.9881423,617.8381301,598.3481039,567.4229306,602.1070023,-0.384048382,5.22,4.89,4.6,4.5,63
2007,5,562.48241,544.0574237,618.2505789,598.6386526,570.8254459,603.2094219,-0.605091279,5.1,4.95,4.92,4.4,63
2007,6,562.6688292,544.0830001,618.4819862,598.8497324,571.6945522,603.4975228,-0.38995076,5.01,4.91,4.87,4.6,63
2007,7,562.7879548,543.9733766,618.6598877,599.0025662,573.3771574,604.2427254,0.010883252,5.02,4.85,4.56,4.7,62.9
2007,8,563.0436355,544.1822858,618.6907104,599.0701756,571.6365237,602.6887384,0.142410182,4.64,4.19,4.15,4.6,62.7
2007,9,563.335253,544.4303723,619.1135705,599.4553322,574.6853225,603.3247624,0.061544772,4.29,4.05,3.97,4.7,62.9
2007,10,563.6096332,544.1368849,619.4214189,599.7578444,574.9991842,604.0140229,-0.012868889,4.29,4.04,3.94,4.7,62.7
2007,11,563.7710293,544.7147891,620.2042359,600.2858588,575.0880107,606.4455821,0.320838875,3.69,3.26,3.04,4.7,62.9
2007,12,563.6060757,544.7039395,620.4936176,600.5182055,574.7791157,606.221868,0.475464345,3.7,3.34,3.05,5,62.7
2008,1,563.3523058,544.5681772,620.8377951,600.7703799,577.8304972,607.5567041,0.71085526,2.66,2.11,2.17,5,62.9
2008,2,563.1603423,544.174623,621.079287,600.968455,587.3286503,608.4915477,0.913135217,2.14,1.77,1.65,4.9,62.8
2008,3,563.2482911,543.81167,621.4364509,601.2546992,583.3236868,611.297992,1.132765212,1.87,1.55,1.62,5.1,62.7
2008,4,563.6144066,543.1439532,621.6676218,601.4401082,584.5384931,612.8819748,0.651317811,1.81,1.85,2.29,5,62.7
2008,5,563.8743881,542.5625604,622.2576268,601.8682164,581.4273086,615.8241218,0.661843798,1.96,2.22,2.66,5.4,62.5
2008,6,563.9817552,542.3368238,623.2999986,602.5906601,585.8646661,617.7884257,0.799710876,2.05,2.36,2.63,5.6,62.4
2008,7,563.8278025,541.9157768,624.0116047,603.0547414,582.2528391,620.2516043,1.059735078,2.05,2.27,2.52,5.8,62.2
2008,8,563.4140977,540.3378757,623.8626474,602.9740487,577.5641673,617.0374834,1.239806667,2.13,2.17,2.36,6.1,62
2008,9,562.6384867,535.8712597,623.9481202,603.0568354,571.4307349,615.9766009,1.7793624,1.91,1.78,2,6.1,61.9
2008,10,561.9125201,536.8551015,623.0845574,602.3947226,552.8227101,610.4964914,3.466091007,1.84,1.34,1.56,6.5,61.7
2008,11,560.9876936,535.5365058,621.2981476,601.2077606,546.8100443,605.2089169,3.180480678,1.42,0.9,1,6.8,61.4
2008,12,560.3320604,532.6816481,620.4713872,600.6470567,544.4606851,601.8148614,3.345934783,0.65,0.37,0.76,7.3,61
2009,1,559.9594165,530.1701683,620.7241451,600.6588575,546.3875391,601.9902479,2.812955496,0.61,0.51,0.94,7.8,60.6
2009,2,559.9673596,529.5666657,621.0877488,600.836805,543.2890648,600.8742298,3.186087847,0.88,0.72,1,8.3,60.3
2009,3,559.7776041,527.9783164,620.9889724,600.7275025,546.2255201,600.1629063,2.729192167,0.75,0.57,0.81,8.7,59.9
2009,4,559.7384869,527.1773114,621.0896298,600.8710723,551.6511142,600.7560263,2.231567329,0.43,0.49,0.91,9,59.8
2009,5,559.7306666,526.1698091,621.2366708,600.9748718,559.140362,601.7563293,1.358174931,0.21,0.47,0.92,9.4,59.6
2009,6,559.7267585,525.8499971,622.0632078,601.5667137,558.0436603,603.6699877,0.927242605,0.02,0.56,1.11,9.5,59.4
2009,7,559.8482841,527.0016395,622.0334054,601.5773452,561.1641405,602.7467251,0.322423889,-0.12,0.48,1.13,9.5,59.3
2009,8,560.0249024,528.0741665,622.3676932,601.8671557,563.5969761,604.1856,0.085014761,-0.28,0.43,0.97,9.6,59.1
2009,9,560.4038217,528.9112078,622.560594,602.0292111,561.166826,603.6699877,0.043311193,-0.41,0.4,0.95,9.8,58.7
2009,10,560.8478632,529.1253778,622.8603386,602.4073741,565.574515,604.2998206,-0.139373278,-0.47,0.37,0.9,10,58.5
2009,11,561.2327476,529.5421026,623.1946378,602.6569398,571.8611967,605.5477094,-0.03141867,-0.61,0.27,0.67,9.9,58.6
2009,12,561.3789546,529.9024866,623.2466425,602.7158158,574.193817,605.9415209,-0.488438488,-0.15,0.47,1.14,9.9,58.3
2010,1,561.4832542,530.9866715,623.3114945,602.9342027,572.0492437,608.0527115,-0.201908093,-0.45,0.3,0.82,9.8,58.5
2010,2,561.5604495,531.3395468,623.2162711,602.9310566,574.9968455,607.5567041,-0.015696953,-0.54,0.32,0.81,9.8,58.5
2010,3,561.9104104,532.0475795,623.2494027,603.0725476,575.828272,608.8194174,-0.174945008,-0.48,0.41,1.02,9.9,58.5
2010,4,562.3007053,532.41199,623.2724049,603.1269945,578.8572839,609.4177328,-0.290904155,-0.47,0.41,0.97,9.9,58.7
2010,5,562.6414044,533.772263,623.2204136,603.1583919,574.3539979,609.634418,-0.148509658,-0.48,0.34,0.76,9.6,58.6
2010,6,562.8948001,534.0070687,623.1785243,603.1165265,573.678559,608.9284688,0.020644647,-0.54,0.32,0.61,9.4,58.5
2010,7,563.1381561,534.381655,623.3652752,603.2023331,577.5276909,609.2549114,0.149105407,-0.59,0.29,0.55,9.4,58.5
2010,8,563.3727856,534.7508498,623.5113048,603.3392626,581.295643,609.6885148,-0.30251655,-0.7,0.25,0.47,9.5,58.6
2010,9,563.6343557,535.0223623,623.6727002,603.4384467,588.0578138,609.6885148,-0.035007573,-0.8,0.27,0.42,9.5,58.5
2010,10,563.8671555,534.7495551,624.0202802,603.7562137,588.624689,610.6037302,-0.026990422,-1,0.22,0.34,9.4,58.3
2010,11,563.9661521,534.8179908,624.2733447,603.9557325,587.3782535,611.1914955,-0.166365786,-0.96,0.27,0.45,9.8,58.2
2010,12,563.8645677,535.7811043,624.6741971,604.1817894,594.6243502,612.2513906,-0.432362638,-0.88,0.29,0.61,9.3,58.3
2011,1,563.6082509,535.5727085,624.997976,604.4817168,601.0478083,613.8204586,-0.0315161,-1.01,0.26,0.58,9.1,58.3
2011,2,563.4873309,535.1711725,625.3189088,604.7601538,603.0126974,615.4163755,-0.292395577,-1.09,0.25,0.69,9,58.4
2011,3,563.8763286,536.2118116,625.834929,605.1620024,604.621988,617.1379356,-0.332967801,-0.99,0.3,0.8,9,58.4
2011,4,564.212181,535.8648534,626.3032405,605.5836937,603.6433698,619.0768479,-0.285617663,-1.07,0.22,0.61,9.1,58.4
2011,5,564.4123466,536.0092197,626.620907,605.8875992,602.788008,619.5680089,-0.162523155,-1.14,0.18,0.45,9,58.3
2011,6,564.3704503,536.2754242,626.620907,605.8672323,600.3242816,619.4699695,-0.037225232,-1.12,0.19,0.45,9.1,58.2
2011,7,564.21152,536.7811712,626.8825679,606.0371715,600.8800548,619.8126866,-0.086673731,-1.19,0.2,0.36,9,58.2
2011,8,564.2008376,537.4262892,627.1975185,606.2717662,599.1244097,619.1260738,-0.120637313,-1.38,0.1,0.2,9,58.3
2011,9,564.4663849,537.3704531,627.4144373,606.4126616,591.423749,619.3718339,0.414140662,-1.4,0.13,0.25,9,58.4
2011,10,565.0016242,538.0579747,627.4819345,606.4146887,592.6896635,618.0872312,-0.116700561,-1.44,0.12,0.25,8.8,58.4
2011,11,565.4227361,538.0751044,627.66655,606.6200986,588.6185667,618.2363009,0.479216934,-1.48,0.12,0.25,8.6,58.6
2011,12,565.7928715,538.5639545,627.6903174,606.6766899,586.9309367,617.4386882,0.252989255,-1.47,0.12,0.25,8.5,58.6
2012,1,566.0503244,539.1757071,627.9623668,607.0185844,590.4987394,617.8881268,0.155690444,-1.54,0.13,0.22,8.3,58.4
2012,2,566.2363871,539.4832774,628.1758842,607.2418486,591.3304404,618.3355545,0.028875556,-1.45,0.18,0.3,8.3,58.5
2012,3,566.3712469,538.9608207,628.3850128,607.4325349,590.1094386,619.6169915,-0.372899865,-1.27,0.19,0.33,8.2,58.5
2012,4,566.5349149,539.6862581,628.5509521,607.5637965,588.922187,619.3718339,-0.198601399,-1.26,0.2,0.27,8.2,58.4
2012,5,566.699433,539.8956956,628.3439199,607.4515824,584.7253892,618.4842547,-0.113820311,-1.24,0.18,0.27,8.2,58.5
2012,6,566.7859441,539.8810275,628.26125,607.4014478,585.7303167,617.4386882,0.134748295,-1.11,0.21,0.33,8.2,58.6
2012,7,566.858737,540.1198451,628.2901275,607.4375468,586.7502006,617.588727,-0.037706845,-1.18,0.16,0.23,8.2,58.5
2012,8,566.8530921,539.6989978,628.8693992,607.7728593,588.6981269,618.8797082,-0.222285597,-1.26,0.16,0.22,8.1,58.4
2012,9,566.8337443,539.624471,629.3453918,608.0761708,590.1737577,619.7148869,-0.177069873,-1.36,0.17,0.23,7.8,58.7
2012,10,566.7622132,539.9535243,629.6147071,608.3726039,585.7534209,619.2736019,-0.198448093,-1.34,0.18,0.3,7.8,58.8
2012,11,566.8996155,540.360542,629.4466309,608.3050391,587.3224482,618.4347119,-0.072455373,-1.42,0.18,0.25,7.7,58.7
2012,12,567.210777,540.6125754,629.4345227,608.2891355,587.4009801,618.28594,-0.186694926,-1.43,0.16,0.25,7.9,58.7
2013,1,567.5717685,540.6053433,629.6324058,608.4818064,588.9689725,618.7809913,-0.11125969,-1.36,0.15,0.27,8,58.6
2013,2,567.9435457,541.0975157,630.1739303,608.8472558,586.0449143,619.6659522,-0.055753111,-1.42,0.17,0.25,7.7,58.6
2013,3,567.9459424,541.5180779,629.8923419,608.7156881,586.5107942,619.5190022,-0.123289507,-1.44,0.14,0.25,7.5,58.5
2013,4,567.8589885,541.4074218,629.683326,608.6374579,586.1913885,619.2736019,-0.151089304,-1.52,0.11,0.22,7.6,58.6
2013,5,567.9315005,541.4966827,629.7247321,608.7028195,585.1023645,619.5680089,-0.521090779,-1.27,0.14,0.3,7.5,58.6
2013,6,568.0873426,541.633753,629.9624901,608.9184072,584.0846684,619.6659522,-0.375230808,-0.97,0.15,0.36,7.5,58.6
2013,7,568.3387983,541.3300085,630.1580451,609.0428023,584.0141729,619.7148869,-0.029356133,-1.52,0.11,0.31,7.3,58.7
2013,8,568.7572293,541.9105482,630.3964883,609.1966002,585.0283523,619.6169915,-0.122482033,-1.67,0.13,0.39,7.2,58.7
2013,9,569.1429551,542.4399558,630.4341758,609.2359964,583.9265183,619.4699695,-0.153067738,-1.8,0.1,0.33,7.2,58.7
2013,10,569.4292373,542.3265119,630.4876846,609.4052272,581.6769966,618.7809913,-0.045163036,-1.85,0.1,0.31,7.2,58.3
2013,11,569.5816057,542.5705503,630.6719641,609.5614135,582.9831252,618.1369465,-0.017241458,-2,0.13,0.28,6.9,58.6
2013,12,569.3515037,542.7797194,630.9360323,609.7604689,581.4667745,618.533771,-0.163882272,-2.13,0.13,0.38,6.7,58.7
2014,1,568.9811036,542.4055565,631.1781559,609.9503283,581.8671294,619.4209147,-0.320354413,-2.38,0.1,0.34,6.6,58.8
2014,2,568.9725957,543.1684733,631.2881737,610.0089733,586.3272084,620.3488808,-0.226111275,-2.54,0.12,0.33,6.7,58.7
2014,3,569.3514905,544.1469079,631.4921704,610.2090901,589.366781,620.9788804,-0.292604904,-2.62,0.13,0.44,6.7,58.9
2014,4,569.8462415,544.2090081,631.6784163,610.402966,590.9084736,621.6049359,-0.373932565,-2.89,0.11,0.42,6.2,58.9
2014,5,570.3899723,544.6102558,631.8685353,610.5750943,590.2882235,621.4608098,-0.388052623,-2.99,0.1,0.37,6.3,58.9
2014,6,570.8882037,544.9541454,632.0005611,610.6877421,589.916233,621.6049359,-0.320241651,-2.89,0.11,0.47,6.1,59
2014,7,571.3299359,545.2256081,632.1130477,610.8380629,588.3795057,621.4608098,-0.327829349,-2.84,0.12,0.53,6.2,59
2014,8,571.5621531,545.0381586,632.097045,610.8254646,587.3513882,620.9788804,-0.310490097,-2.89,0.09,0.48,6.1,59
2014,9,571.6993594,545.3443627,632.1042034,610.8506597,585.2460033,620.688606,-0.222805686,-2.81,0.13,0.58,5.9,59.1
2014,10,571.7565542,545.3498986,632.0844101,610.8254646,582.1614493,619.2244507,-0.214581609,-2.8,0.11,0.5,5.7,59.3
2014,11,571.9327872,545.9611131,631.8959681,610.7488659,581.1286173,617.9877286,0.051440457,-2.77,0.13,0.47,5.8,59.2
2014,12,572.2444369,545.9517512,631.5870293,610.5954968,577.3428247,616.0273743,0.082963494,-2.42,0.25,0.67,5.6,59.3
2015,1,572.5087202,545.1823296,630.94796,610.1329965,573.8490298,613.4565387,-0.043045619,-2.27,0.18,0.47,5.7,59.3
2015,2,572.7626774,544.5552575,631.2011032,610.2977947,573.3961702,612.986687,-0.294898295,-1.97,0.22,0.63,5.5,59.2
2015,3,573.0888951,544.2143127,631.4701366,610.4895549,571.9962406,613.1957831,-0.137120153,-1.81,0.26,0.56,5.4,59.2
2015,4,573.2626245,543.6437745,631.5743298,610.5663501,573.5979578,612.8819748,-0.001395539,-1.59,0.24,0.58,5.4,59.3
2015,5,573.3544644,543.1735315,631.9035625,610.8051089,574.3257493,614.183061,0.046683081,-1.43,0.26,0.61,5.6,59.4
2015,6,573.4774279,542.874637,632.1799723,610.998802,573.9885047,614.9043408,0.144257301,-1.4,0.28,0.64,5.3,59.4
2015,7,573.6474287,543.5266443,632.3384778,611.0810073,570.8254459,614.4412583,0.205153712,-1.29,0.33,0.67,5.2,59.3
2015,8,573.6923922,543.2991081,632.3380581,611.0819746,569.8872079,613.4044428,0.403160579,-0.92,0.39,0.74,5.1,59.4
2015,9,573.7225093,543.0289175,632.1130477,610.9339556,569.1039367,611.9345999,0.532792729,-0.74,0.33,0.64,5,59.2
2015,10,573.7374383,542.5736448,632.2119467,610.9194337,567.1045716,611.0848856,0.424866173,-0.53,0.34,0.75,5,59.3
2015,11,573.7826501,541.8025393,632.3313362,610.9804161,564.2422829,610.1202485,0.506138383,0,0.51,0.94,5.1,59.4
2015,12,573.9804025,541.2733808,632.2237233,610.8990972,561.8119463,608.9284688,0.686011852,0.26,0.65,1.06,5,59.6
2016,1,574.2558995,541.8296034,632.1778683,610.9504128,564.1145972,608.4367992,0.918536634,0.4,0.47,0.76,4.8,59.7
2016,2,574.4707047,541.311203,632.0448117,610.8884428,564.2500951,607.7223142,0.943050327,0.53,0.62,0.78,4.9,59.8
2016,3,574.5344535,540.5437129,632.3578012,611.1196704,568.6265257,608.1625995,0.568705903,0.51,0.59,0.73,5,59.8
2016,4,574.6026287,540.8468061,632.7401337,611.4496207,572.6424038,608.7648481,0.223235195,0.41,0.56,0.77,5.1,59.7
2016,5,574.6652093,540.6161351,632.9762652,611.5978391,571.3313205,609.9046147,0.236578059,0.48,0.68,0.87,4.8,59.7
2016,6,574.8980913,541.0905242,633.2534768,611.7880853,571.5445763,611.1382059,0.04218739,0.42,0.45,0.58,4.9,59.7
2016,7,575.1419908,541.2530437,633.2030927,611.8293544,570.3782475,611.1914955,-0.008751143,0.47,0.5,0.67,4.8,59.8
2016,8,575.322624,541.1448264,633.3878454,611.978929,569.0443848,610.6037302,-0.016802324,0.45,0.61,0.8,4.9,59.8
2016,9,575.4971905,541.0419675,633.6498226,612.1521922,568.9748628,610.7643742,-0.083430177,0.51,0.59,0.77,5,59.7
2016,10,575.6611102,541.1269999,633.8838165,612.3728844,569.2947599,610.6573076,-0.074049967,0.52,0.66,0.86,4.9,59.7
2016,11,575.7909655,540.708549,634.0016423,612.4110513,573.4318094,610.44283,-0.743092122,0.43,0.8,1.11,4.7,59.7
2016,12,575.9959419,541.3230332,634.2537758,612.5930927,573.9341563,611.4575254,-0.246487155,0.42,0.85,1.2,4.7,59.7
2017,1,576.1431493,541.1495862,634.6572694,612.9647221,576.4018033,612.7771528,-0.192937919,0.38,0.84,1.19,4.7,59.9
2017,2,576.2437802,540.8279095,634.8164076,613.1182923,576.194047,613.2479878,-0.189397603,0.39,0.88,1.22,4.6,60
2017,3,576.3457598,541.4910317,634.7696763,613.0633379,575.7122412,613.1957831,-0.180179056,0.64,1.03,1.27,4.4,60.2
2017,4,576.5293138,542.4772425,634.8930158,613.2829747,574.3186859,613.9760213,-0.130904733,0.85,1.07,1.28,4.4,60.2
2017,5,576.707161,542.5616623,634.8155886,613.254601,576.5285534,613.8723404,-0.180915659,1.03,1.17,1.28,4.4,60.1
2017,6,577.0019862,542.7370654,634.8807293,613.3500966,579.384658,614.2864203,-0.137878118,1.06,1.24,1.38,4.3,60.1
2017,7,577.261233,542.5644578,634.91349,613.3756092,578.3044909,614.234753,-0.163972526,1.08,1.23,1.34,4.3,60.2
2017,8,577.5586298,542.1100724,635.2976131,613.6124756,576.8894858,614.3896708,-0.074249562,1.11,1.23,1.33,4.4,60.1
2017,9,577.8877842,542.2054243,635.8069537,613.9869143,575.0108764,614.9043408,-0.270131797,1.1,1.31,1.47,4.3,60.4
2017,10,578.2768812,543.4574871,635.8844277,614.1342368,575.0015227,614.9556635,-0.216980992,1.16,1.43,1.6,4.2,60.1
2017,11,578.5900009,543.6413052,636.1508743,614.3000662,575.491411,615.467434,-0.146263284,1.28,1.62,1.78,4.2,60.1
2017,12,578.8374875,543.8010176,636.3613415,614.4450578,576.1246989,615.671412,-0.205295322,1.41,1.76,1.89,4.1,60.1
2018,1,578.9843838,543.7587927,636.7391501,614.8014988,578.6342781,616.4831863,-0.402271046,1.4,1.9,2.14,4,60.1
2018,2,579.2933365,544.1151585,637.0185668,615.046165,578.6793699,617.1881249,-0.251332565,1.55,2.07,2.25,4.1,60.4
2018,3,579.4944227,544.6756897,637.0754779,615.1872964,577.1438834,617.1881249,-0.113871897,1.65,2.09,2.27,4,60.4
2018,4,579.7146855,545.7991137,637.3016006,615.3828796,579.0775483,617.6886252,-0.293519091,1.71,2.24,2.49,4,60.4
2018,5,579.9225903,544.866164,637.554334,615.572534,579.259238,619.1260738,-0.205746311,1.77,2.23,2.4,3.8,60.5
2018,6,580.2176443,545.6218362,637.6894213,615.6870781,577.4752328,619.6169915,0.017470722,1.89,2.33,2.52,4,60.5
2018,7,580.4823761,545.8230852,637.7710223,615.779359,576.0807535,619.6659522,-0.138432004,1.92,2.44,2.67,3.8,60.6
2018,8,580.7214084,546.5179498,637.9403821,615.8577284,571.1394867,619.2244507,-0.092269438,2.01,2.46,2.62,3.8,60.3
2018,9,580.8058948,546.5047972,638.1348311,616.0750002,572.0299731,619.322731,-0.185195454,2.17,2.59,2.81,3.7,60.4
2018,10,580.7897763,546.390587,638.3815151,616.245907,572.2777988,619.8126866,-0.00402471,2.3,2.69,2.87,3.8,60.5
2018,11,580.8107327,546.3066512,638.300411,616.2872117,572.2898135,618.6821769,0.133264493,2.4,2.7,2.8,3.8,60.6
2018,12,580.9536705,546.2187912,638.258447,616.3073996,570.6546225,618.0374933,0.331270861,2.53,2.63,2.48,3.9,60.6
2019,1,581.1803885,545.6388836,638.2263701,616.2945536,571.4816162,617.0877231,0.165622648,2.49,2.55,2.45,4,60.6
2019,2,581.3815822,545.1995463,638.4894202,616.4495118,571.4816162,617.1379356,0.051295871,2.46,2.54,2.52,3.8,60.7
2019,3,581.6147645,545.2815029,638.937976,616.7212545,574.530371,617.9379411,-0.141092404,2.4,2.4,2.27,3.8,60.6
2019,4,581.7498498,544.7774162,639.2873825,617.0287031,573.6998838,618.5832648,-0.022407378,2.41,2.39,2.27,3.6,60.6
2019,5,582.0448118,544.96575,639.350851,617.0979085,572.2369378,618.3851465,-0.0375025,2.41,2.21,1.95,3.7,60.6
2019,6,582.3924112,544.9825143,639.3649498,617.1697967,570.2728773,617.6886252,-0.011068269,2.19,1.92,1.75,3.6,60.7
2019,7,582.7383634,544.6000807,639.5758002,617.3143231,569.1113782,617.8881268,-0.061988781,2.17,2,1.89,3.7,60.8
2019,8,583.038899,545.2898611,639.6847685,617.348833,565.0592491,617.1379356,-0.173235693,2.02,1.76,1.5,3.7,60.8
2019,9,583.0626525,544.9690636,639.8474129,617.4169093,565.1676754,616.735522,-0.260376501,1.96,1.75,1.63,3.5,61
2019,10,583.0380059,544.1846465,640.1233414,617.6127132,565.6644142,616.8362778,-0.246667924,1.66,1.53,1.52,3.6,61
2019,11,583.308418,544.4989552,640.3108808,617.6543611,564.8756893,617.0374834,-0.198626707,1.64,1.6,1.61,3.6,61
2019,12,583.8178399,544.1705942,640.4949708,617.8957667,568.7187043,617.0374834,-0.3078565,1.61,1.59,1.58,3.6,61
2020,1,584.1194733,543.717342,640.657078,618.0834249,569.3615858,617.1881249,-0.269686203,1.63,1.45,1.33,3.5,61.1
2020,2,583.1591685,544.1122066,640.7826353,618.1969301,567.0944483,615.8749747,-0.179175256,1.41,0.97,0.86,3.5,61.1
